{
  "defaultEnv": {"ENV": "ENV"},
  "dev": {
    "driver": "pg",
    "host": {"ENV": "POSTGRES_HOST"},
    "database": {"ENV": "POSTGRES_DB"},
    "user": {"ENV": "POSTGRES_USER"},
    "port": {"ENV": "POSTGRES_PORT"},
    "password": {"ENV": "POSTGRES_PASSWORD"}
  },
  "test": {
    "driver": "pg",
    "host": {"ENV": "POSTGRES_HOST"},
    "database": {"ENV": "POSTGRES_TEST_DB"},
    "user": {"ENV": "POSTGRES_USER"},
    "port": {"ENV": "POSTGRES_PORT"},
    "password": {"ENV": "POSTGRES_PASSWORD"}
  }
}